version,pid,label,source
2002-02-18,1,fragment,judges
2002-02-18,2,fragment,judges
2002-02-18,3(a),fragment,judges
2002-02-18,3(b),fragment,judges
2002-02-18,3(c),recites,judges
2002-02-18,3(d),supported,human_disputed
2002-02-18,3(e),absent,judges
2002-02-18,3(f),supported,judges
2002-02-18,4,recites,human_gold
2002-02-18,5(a),fragment,human_gold
2002-02-18,5(b),absent,judges
2002-02-18,5(c),absent,judges
2002-02-18,5(d),fragment,human_disputed
2002-02-18,5(e),absent,human_gold
2002-02-18,E1,recites,judges
2002-02-18,E2,recites,human_gold
2002-02-18,E3,recites,human_gold
2002-02-18,E4,supported,human_disputed
2007-07-02,1,recites,judges
2007-07-02,10(1a),recites,judges
2007-07-02,10(1b),supported,judges
2007-07-02,10(2),fragment,judges
2007-07-02,10(3),fragment,judges
2007-07-02,11(1),supported,human_disputed
2007-07-02,11(2a),fragment,human_disputed
2007-07-02,11(2b),fragment,judges
2007-07-02,11(2c),supported,human_disputed
2007-07-02,11(2d),recites,judges
2007-07-02,11(2e),supported,human_disputed
2007-07-02,12(a),fragment,judges
2007-07-02,12(b),fragment,judges
2007-07-02,12(c),recites,judges
2007-07-02,12(d),fragment,judges
2007-07-02,12(e),fragment,judges
2007-07-02,12(f),supported,judges
2007-07-02,12(g),recites,judges
2007-07-02,12(h),recites,judges
2007-07-02,13(1),recites,judges
2007-07-02,13(2),recites,judges
2007-07-02,14,fragment,judges
2007-07-02,15(1),supported,judges
2007-07-02,15(2),supported,judges
2007-07-02,15(3),supported,judges
2007-07-02,15(4a),supported,judges
2007-07-02,15(4b),recites,judges
2007-07-02,15(4c),supported,human_disputed
2007-07-02,15(4d),supported,judges
2007-07-02,15(4e),supported,judges
2007-07-02,15(4f),fragment,judges
2007-07-02,15(4g),absent,judges
2007-07-02,16,absent,judges
2007-07-02,17,fragment,human_disputed
2007-07-02,18,absent,judges
2007-07-02,2,fragment,judges
2007-07-02,3,fragment,judges
2007-07-02,4(1),recites,judges
2007-07-02,4(10),recites,judges
2007-07-02,4(11),recites,judges
2007-07-02,5(12),supported,judges
2007-07-02,6,supported,human_disputed
2007-07-02,7,absent,judges
2007-07-02,8(1),absent,judges
2007-07-02,8(2),recites,judges
2007-07-02,8(3),absent,judges
2007-07-02,8(4),recites,judges
2007-07-02,9(1),supported,judges
2007-07-02,9(2),absent,judges
2007-07-02,E1,recites,judges
2007-07-02,E2,recites,judges
2007-07-02,E3,recites,judges
2007-07-02,E4,fragment,human_disputed
2007-07-02,E5,fragment,judges
2007-07-02,E6,fragment,judges
2007-07-02,E7,fragment,judges
2007-07-02,E8,supported,judges
2007-07-02,E9,fragment,judges
2010-06-28,1,recites,judges
2010-06-28,10(1a),recites,human_disputed
2010-06-28,10(1b),supported,judges
2010-06-28,10(2),fragment,judges
2010-06-28,10(3),supported,judges
2010-06-28,11,supported,human_gold
2010-06-28,12(1),supported,judges
2010-06-28,12(2a),recites,judges
2010-06-28,12(2b),fragment,judges
2010-06-28,12(2c),recites,judges
2010-06-28,12(2d),fragment,judges
2010-06-28,12(2e),absent,judges
2010-06-28,12(2f),supported,judges
2010-06-28,12(2g),absent,human_gold
2010-06-28,12(2h),recites,judges
2010-06-28,13(1),recites,judges
2010-06-28,13(2),supported,human_gold
2010-06-28,14,recites,judges
2010-06-28,15(1),supported,judges
2010-06-28,15(2),recites,judges
2010-06-28,15(3a),fragment,human_disputed
2010-06-28,15(3b),supported,human_disputed
2010-06-28,15(3c),recites,judges
2010-06-28,15(3d),supported,judges
2010-06-28,16(2),supported,human_gold
2010-06-28,16(3),recites,human_gold
2010-06-28,16(4a),supported,judges
2010-06-28,16(4b),recites,judges
2010-06-28,16(4c),supported,human_disputed
2010-06-28,16(4d),supported,judges
2010-06-28,16(4e),supported,human_disputed
2010-06-28,16(4f),fragment,judges
2010-06-28,16(4g),absent,judges
2010-06-28,17,absent,judges
2010-06-28,18,recites,judges
2010-06-28,19,absent,human_gold
2010-06-28,2,recites,judges
2010-06-28,20,absent,judges
2010-06-28,3,fragment,human_gold
2010-06-28,4(1),recites,judges
2010-06-28,4(2),fragment,judges
2010-06-28,5,fragment,judges
2010-06-28,6,supported,human_disputed
2010-06-28,7,absent,judges
2010-06-28,8(1),absent,judges
2010-06-28,8(2a),absent,judges
2010-06-28,8(2b),recites,human_gold
2010-06-28,8(3),absent,judges
2010-06-28,8(4),absent,human_gold
2010-06-28,9(1),supported,judges
2010-06-28,9(2),supported,judges
2010-06-28,I,recites,judges
2010-06-28,II,recites,judges
2010-06-28,III,recites,judges
2010-06-28,IV,supported,judges
2010-06-28,IX,fragment,judges
2010-06-28,V,fragment,judges
2010-06-28,VI,recites,human_gold
2010-06-28,VII,fragment,judges
2010-06-28,VIII,supported,human_disputed
2010-06-28,X,supported,judges
2010-06-28,XI,recites,judges
2010-06-28,XII,fragment,human_disputed
2010-06-28,XIII,supported,judges
2017-05-22,1,recites,judges
2017-05-22,10(1a),fragment,judges
2017-05-22,10(1b),supported,judges
2017-05-22,10(2),fragment,judges
2017-05-22,10(3),supported,judges
2017-05-22,11,supported,judges
2017-05-22,12(1a),supported,judges
2017-05-22,12(1b),fragment,judges
2017-05-22,12(2b),recites,judges
2017-05-22,12(2c),recites,judges
2017-05-22,12(2d),fragment,judges
2017-05-22,12(2e),absent,judges
2017-05-22,12(2f),supported,judges
2017-05-22,12(2g),fragment,judges
2017-05-22,12(2h),recites,judges
2017-05-22,13(1),recites,judges
2017-05-22,13(2),recites,judges
2017-05-22,14,recites,judges
2017-05-22,15(1),supported,judges
2017-05-22,15(2),recites,judges
2017-05-22,15(3a),fragment,human_disputed
2017-05-22,15(3b),supported,human_disputed
2017-05-22,15(3c),recites,judges
2017-05-22,15(3d),supported,judges
2017-05-22,16(2),supported,judges
2017-05-22,16(3),supported,judges
2017-05-22,16(4a),supported,judges
2017-05-22,16(4b),recites,judges
2017-05-22,16(4c),supported,human_disputed
2017-05-22,16(4d),supported,judges
2017-05-22,16(4e),supported,judges
2017-05-22,16(4f),fragment,judges
2017-05-22,16(4g),absent,judges
2017-05-22,17,absent,judges
2017-05-22,18,recites,judges
2017-05-22,19,absent,judges
2017-05-22,2,fragment,judges
2017-05-22,20,absent,judges
2017-05-22,3,fragment,judges
2017-05-22,4(1),recites,judges
2017-05-22,4(2),fragment,judges
2017-05-22,5,fragment,human_disputed
2017-05-22,6,supported,human_disputed
2017-05-22,7,absent,judges
2017-05-22,8(1),absent,judges
2017-05-22,8(2a),absent,judges
2017-05-22,8(2b),absent,judges
2017-05-22,8(3),fragment,judges
2017-05-22,8(4),absent,judges
2017-05-22,9(1),supported,human_disputed
2017-05-22,9(2),supported,judges
2017-05-22,I,recites,judges
2017-05-22,II,recites,judges
2017-05-22,III,recites,judges
2017-05-22,IV,supported,judges
2017-05-22,IX,fragment,judges
2017-05-22,V,fragment,judges
2017-05-22,VI,recites,judges
2017-05-22,VII,fragment,judges
2017-05-22,VIII,supported,judges
2017-05-22,X,supported,human_disputed
2017-05-22,XI,recites,judges
2017-05-22,XII,fragment,human_disputed
2017-05-22,XIII,supported,judges
2017-05-22,XIV,absent,judges
2019-04-09,1,fragment,judges
2019-04-09,10,fragment,judges
2019-04-09,11,recites,judges
2019-04-09,12,recites,judges
2019-04-09,13,supported,human_disputed
2019-04-09,14,recites,judges
2019-04-09,15,fragment,judges
2019-04-09,16,recites,judges
2019-04-09,17,fragment,judges
2019-04-09,18,recites,judges
2019-04-09,19,recites,judges
2019-04-09,2,fragment,judges
2019-04-09,20,recites,judges
2019-04-09,21,supported,judges
2019-04-09,22,recites,judges
2019-04-09,23,recites,judges
2019-04-09,24,absent,judges
2019-04-09,25,absent,judges
2019-04-09,3,fragment,judges
2019-04-09,4,fragment,judges
2019-04-09,5,fragment,judges
2019-04-09,6,supported,judges
2019-04-09,7,supported,human_disputed
2019-04-09,8,supported,judges
2019-04-09,9,fragment,judges
2022-12-12,1,supported,human_disputed
2022-12-12,10(1),fragment,judges
2022-12-12,10(2a),fragment,human_gold
2022-12-12,10(2b),absent,judges
2022-12-12,10(3),recites,judges
2022-12-12,10(4),supported,human_gold
2022-12-12,10(5),absent,judges
2022-12-12,10(6),absent,human_gold
2022-12-12,11,supported,judges
2022-12-12,12(1a),fragment,judges
2022-12-12,12(1b),supported,human_disputed
2022-12-12,12(2),fragment,judges
2022-12-12,12(3),recites,human_gold
2022-12-12,13,supported,human_gold
2022-12-12,14(a),supported,judges
2022-12-12,14(b),recites,judges
2022-12-12,15(b),recites,human_gold
2022-12-12,15(c),fragment,judges
2022-12-12,15(d),recites,human_gold
2022-12-12,15(e),fragment,judges
2022-12-12,15(f),absent,judges
2022-12-12,15(g),supported,human_disputed
2022-12-12,15(h),absent,human_gold
2022-12-12,16(1),recites,judges
2022-12-12,16(2),supported,human_disputed
2022-12-12,17,recites,human_gold
2022-12-12,18(1),recites,judges
2022-12-12,18(2),supported,judges
2022-12-12,18(3),recites,judges
2022-12-12,18(4a),supported,judges
2022-12-12,18(4b),recites,judges
2022-12-12,18(4c),supported,human_disputed
2022-12-12,18(4d),supported,judges
2022-12-12,18(4e),supported,judges
2022-12-12,18(4f),absent,judges
2022-12-12,18(4g),fragment,judges
2022-12-12,18(4h),absent,judges
2022-12-12,19,absent,judges
2022-12-12,2,fragment,judges
2022-12-12,20,recites,judges
2022-12-12,21,absent,judges
2022-12-12,22,absent,judges
2022-12-12,3,supported,human_gold
2022-12-12,4,fragment,judges
2022-12-12,5(1),fragment,human_gold
2022-12-12,5(2),fragment,judges
2022-12-12,6,fragment,judges
2022-12-12,7,recites,judges
2022-12-12,8,absent,human_gold
2022-12-12,9,absent,human_gold
2022-12-12,I,recites,human_gold
2022-12-12,II,recites,human_gold
2022-12-12,III,recites,human_gold
2022-12-12,IV,fragment,human_gold
2022-12-12,IX,fragment,human_gold
2022-12-12,V,fragment,judges
2022-12-12,VI,recites,human_gold
2022-12-12,VII,fragment,judges
2022-12-12,VIII,supported,human_gold
2022-12-12,X,fragment,judges
2022-12-12-erl,1,absent,judges
2022-12-12-erl,10,supported,judges
2022-12-12-erl,11,supported,judges
2022-12-12-erl,12,supported,human_gold
2022-12-12-erl,13,fragment,judges
2022-12-12-erl,14,fragment,judges
2022-12-12-erl,15,fragment,human_disputed
2022-12-12-erl,16,recites,judges
2022-12-12-erl,17,supported,human_disputed
2022-12-12-erl,18,fragment,judges
2022-12-12-erl,19,absent,human_gold
2022-12-12-erl,2,fragment,human_gold
2022-12-12-erl,20,fragment,judges
2022-12-12-erl,21,recites,judges
2022-12-12-erl,22,fragment,human_gold
2022-12-12-erl,23,recites,judges
2022-12-12-erl,24,fragment,judges
2022-12-12-erl,25,recites,human_gold
2022-12-12-erl,26,recites,human_gold
2022-12-12-erl,27,supported,human_gold
2022-12-12-erl,28,fragment,human_gold
2022-12-12-erl,29,supported,human_gold
2022-12-12-erl,3,fragment,human_disputed
2022-12-12-erl,30,absent,judges
2022-12-12-erl,31,supported,human_gold
2022-12-12-erl,32,recites,human_gold
2022-12-12-erl,33,fragment,human_gold
2022-12-12-erl,34,fragment,human_gold
2022-12-12-erl,35,recites,judges
2022-12-12-erl,36,supported,human_disputed
2022-12-12-erl,4,fragment,judges
2022-12-12-erl,5,recites,judges
2022-12-12-erl,6,recites,human_gold
2022-12-12-erl,7,fragment,human_gold
2022-12-12-erl,8,supported,human_disputed
2022-12-12-erl,9,fragment,judges
