track,first_version,provenance,years,event
Bekanntmachung:2,2002-02-18,mixed,1.6,1
Bekanntmachung:3,2002-02-18,own,9.8,1
Bekanntmachung:4,2002-02-18,own,9.8,1
Bekanntmachung:5,2002-02-18,own,9.8,1
Bekanntmachung:6,2002-02-18,own,16.2,1
Bekanntmachung:7,2002-02-18,mixed,2.8,1
Bekanntmachung:8,2002-02-18,own,9.4,1
Bekanntmachung:9,2002-02-18,own,9.8,1
Bekanntmachung:10,2002-02-18,own,9.8,1
Bekanntmachung:11,2002-02-18,own,9.8,1
Bekanntmachung:12,2002-02-18,own,9.8,1
Bekanntmachung:13,2002-02-18,own,9.8,1
Bekanntmachung:16,2002-02-18,own,7.7,1
Bekanntmachung:43,2007-07-02,own,4.5,1
Bekanntmachung:45,2007-07-02,own,2.4,1
Bekanntmachung:47,2007-07-02,own,4.7,1
Bekanntmachung:48,2007-07-02,own,1.0,1
Bekanntmachung:49,2007-07-02,mixed,4.5,1
Bekanntmachung:50,2007-07-02,own,1.0,1
Bekanntmachung:51,2007-07-02,own,4.7,1
Bekanntmachung:53,2007-07-02,mixed,4.7,1
Bekanntmachung:54,2007-07-02,own,19.0,0
Bekanntmachung:55,2007-07-02,own,2.3,1
Bekanntmachung:56,2007-07-02,own,18.7,1
Bekanntmachung:57,2007-07-02,own,4.3,1
Bekanntmachung:58,2007-07-02,mixed,2.3,1
Bekanntmachung:59,2007-07-02,own,3.3,1
Bekanntmachung:60,2007-07-02,own,2.4,1
Bekanntmachung:61,2007-07-02,,5.1,1
Bekanntmachung:66,2007-07-02,own,19.0,0
Bekanntmachung:72,2007-07-02,mixed,1.0,1
Bekanntmachung:84,2007-07-02,own,2.4,1
Bekanntmachung:86,2007-07-02,own,2.4,1
Bekanntmachung:87,2007-07-02,own,2.3,1
Bekanntmachung:101,2010-06-28,own,1.4,1
Erläuterungen:23,2019-04-09,own,9.0,0
Erläuterungen:25,2019-04-09,own,9.0,0
Erläuterungen:35,2019-04-09,own,9.0,0
Bekanntmachung:118,2022-12-12,,3.5,0
Erläuterungen:92,2022-12-12-erl,imported,3.5,0
Erläuterungen:97,2022-12-12-erl,imported,2.6,1
