track,first_version,final_class,lag_years,decided_by,provenance,containment
Bekanntmachung:4,2002-02-18,codification,1.0,human,mixed,0.119
Bekanntmachung:5,2002-02-18,announcement,10.2,judges,mixed,0.18
Bekanntmachung:6,2002-02-18,announcement,22.2,human,mixed,0.071
Bekanntmachung:7,2002-02-18,announcement,17.7,human,own,0.0
Bekanntmachung:8,2002-02-18,ungrounded,,step1,own,0.0
Bekanntmachung:9,2002-02-18,announcement,23.9,judges,own,0.0
Bekanntmachung:10,2002-02-18,announcement,16.2,judges,own,0.0
Bekanntmachung:11,2002-02-18,announcement,6.5,judges,mixed,0.211
Bekanntmachung:12,2002-02-18,ungrounded,,step1,own,0.0
Bekanntmachung:13,2002-02-18,announcement,9.8,judges,own,0.0
Bekanntmachung:14,2002-02-18,ungrounded,,step1,own,0.0
Bekanntmachung:15,2002-02-18,ungrounded,,step1,own,0.0
Bekanntmachung:16,2002-02-18,announcement,10.2,judges,own,0.0
Bekanntmachung:17,2002-02-18,ungrounded,,step1,own,0.0
Bekanntmachung:0,2002-02-18,ungrounded,,step1,own,0.0
Bekanntmachung:1,2002-02-18,ungrounded,,step1,own,0.0
Bekanntmachung:2,2002-02-18,ungrounded,,step1,own,0.0
Bekanntmachung:3,2002-02-18,announcement,19.6,judges,own,0.0
Bekanntmachung:39,2007-07-02,ungrounded,,step1,own,0.0
Bekanntmachung:40,2007-07-02,codification,9.0,judges,own,0.0
Bekanntmachung:41,2007-07-02,announcement,4.4,judges,own,0.0
Bekanntmachung:42,2007-07-02,codification,9.0,human,own,0.0
Bekanntmachung:43,2007-07-02,announcement,13.6,judges,own,0.0
Bekanntmachung:44,2007-07-02,announcement,1.0,judges,own,0.0
Bekanntmachung:45,2007-07-02,announcement,4.7,judges,mixed,0.231
Bekanntmachung:46,2007-07-02,announcement,1.0,judges,own,0.0
Bekanntmachung:47,2007-07-02,ungrounded,,step1,own,0.0
Bekanntmachung:48,2007-07-02,codification,2.3,judges,own,0.0
Bekanntmachung:49,2007-07-02,codification,16.8,judges,imported,0.5
Bekanntmachung:50,2007-07-02,announcement,4.4,judges,mixed,0.119
Bekanntmachung:51,2007-07-02,announcement,18.7,judges,mixed,0.308
Bekanntmachung:52,2007-07-02,codification,,step1,mixed,0.475
Bekanntmachung:53,2007-07-02,announcement,4.7,judges,mixed,0.301
Bekanntmachung:54,2007-07-02,ungrounded,,step1,own,0.0
Bekanntmachung:55,2007-07-02,ungrounded,,step1,own,0.0
Bekanntmachung:56,2007-07-02,announcement,4.0,judges,own,0.0
Bekanntmachung:57,2007-07-02,announcement,18.7,judges,own,0.0
Bekanntmachung:58,2007-07-02,announcement,8.0,human,own,0.0
Bekanntmachung:59,2007-07-02,announcement,2.3,judges,mixed,0.213
Bekanntmachung:60,2007-07-02,announcement,6.4,human,own,0.0
Bekanntmachung:61,2007-07-02,announcement,4.4,judges,own,0.0
Bekanntmachung:62,2007-07-02,ungrounded,,step1,,
Bekanntmachung:63,2007-07-02,codification,4.0,human,own,0.0
Bekanntmachung:64,2007-07-02,codification,,step1,mixed,0.043
Bekanntmachung:65,2007-07-02,codification,,step1,own,0.0
Bekanntmachung:66,2007-07-02,codification,,step1,,
Bekanntmachung:67,2007-07-02,ungrounded,,step1,own,0.0
Bekanntmachung:68,2007-07-02,ungrounded,,step1,own,0.0
Bekanntmachung:69,2007-07-02,announcement,6.5,judges,own,0.0
Bekanntmachung:70,2007-07-02,announcement,9.0,judges,own,0.0
Bekanntmachung:29,2007-07-02,announcement,4.4,judges,mixed,0.296
Bekanntmachung:30,2007-07-02,announcement,4.4,judges,own,0.0
Bekanntmachung:26,2007-07-02,announcement,1.0,judges,mixed,0.282
Bekanntmachung:27,2007-07-02,ungrounded,,step1,mixed,0.4
Bekanntmachung:28,2007-07-02,announcement,14.3,judges,own,0.0
Bekanntmachung:31,2007-07-02,announcement,1.1,judges,imported,0.914
Bekanntmachung:32,2007-07-02,ungrounded,,step1,mixed,0.306
Bekanntmachung:33,2007-07-02,announcement,13.4,judges,,
Bekanntmachung:34,2007-07-02,announcement,9.5,judges,own,0.0
Bekanntmachung:35,2007-07-02,ungrounded,,step1,imported,0.804
Bekanntmachung:36,2007-07-02,ungrounded,,step1,mixed,0.341
Bekanntmachung:37,2007-07-02,announcement,4.8,judges,own,0.0
Bekanntmachung:38,2007-07-02,ungrounded,,step1,own,0.0
Bekanntmachung:18,2007-07-02,ungrounded,,step1,imported,0.844
Bekanntmachung:19,2007-07-02,ungrounded,,step1,mixed,0.409
Bekanntmachung:20,2007-07-02,announcement,4.4,judges,own,0.0
Bekanntmachung:21,2007-07-02,announcement,16.9,judges,own,0.0
Bekanntmachung:22,2007-07-02,announcement,4.4,judges,own,0.0
Bekanntmachung:23,2007-07-02,announcement,4.0,judges,own,0.0
Bekanntmachung:24,2007-07-02,announcement,4.0,judges,own,0.0
Bekanntmachung:25,2007-07-02,codification,2.3,judges,mixed,0.168
Bekanntmachung:81,2010-06-28,ungrounded,,step1,,
Bekanntmachung:82,2010-06-28,announcement,6.5,judges,own,0.0
Bekanntmachung:83,2010-06-28,announcement,10.6,judges,own,0.0
Bekanntmachung:84,2010-06-28,codification,1.4,judges,own,0.0
Bekanntmachung:85,2010-06-28,codification,6.0,judges,own,0.0
Bekanntmachung:86,2010-06-28,announcement,13.9,human,imported,1.0
Bekanntmachung:87,2010-06-28,announcement,1.4,judges,imported,0.616
Bekanntmachung:88,2010-06-28,ungrounded,,step1,imported,0.968
Bekanntmachung:89,2010-06-28,ungrounded,,step1,imported,0.523
Bekanntmachung:90,2010-06-28,ungrounded,,step1,imported,0.5
Bekanntmachung:91,2010-06-28,ungrounded,,step1,own,0.0
Bekanntmachung:77,2010-06-28,announcement,1.4,judges,imported,0.549
Bekanntmachung:78,2010-06-28,ungrounded,,step1,imported,1.0
Bekanntmachung:79,2010-06-28,ungrounded,,step1,imported,1.0
Bekanntmachung:80,2010-06-28,codification,,step1,own,0.0
Bekanntmachung:75,2010-06-28,codification,1.6,judges,own,0.0
Bekanntmachung:71,2010-06-28,codification,1.8,judges,own,0.0
Bekanntmachung:72,2010-06-28,ungrounded,,step1,mixed,0.379
Bekanntmachung:73,2010-06-28,codification,1.0,human,own,0.0
Bekanntmachung:74,2010-06-28,codification,,step1,mixed,0.023
Bekanntmachung:76,2010-06-28,ungrounded,,step1,own,0.0
Bekanntmachung:96,2017-05-22,ungrounded,,step1,own,0.0
Bekanntmachung:97,2017-05-22,ungrounded,,step1,own,0.0
Bekanntmachung:98,2017-05-22,codification,0.4,judges,mixed,0.042
Bekanntmachung:93,2017-05-22,announcement,4.6,judges,imported,0.909
Bekanntmachung:94,2017-05-22,ungrounded,,step1,own,0.0
Bekanntmachung:95,2017-05-22,announcement,1.1,human,own,0.0
Bekanntmachung:92,2017-05-22,ungrounded,,step1,own,0.0
Erläuterungen:0,2019-04-09,announcement,3.6,judges,own,0.0
Erläuterungen:9,2019-04-09,codification,0.3,judges,own,0.0
Erläuterungen:10,2019-04-09,ungrounded,,step1,own,0.0
Erläuterungen:11,2019-04-09,codification,,step1,mixed,0.271
Erläuterungen:12,2019-04-09,codification,,step1,mixed,0.027
Erläuterungen:13,2019-04-09,ungrounded,,step1,own,0.0
Erläuterungen:14,2019-04-09,codification,,step1,mixed,0.112
Erläuterungen:15,2019-04-09,ungrounded,,step1,own,0.0
Erläuterungen:16,2019-04-09,codification,,step1,mixed,0.069
Erläuterungen:17,2019-04-09,ungrounded,,step1,own,0.0
Erläuterungen:18,2019-04-09,ungrounded,,step1,mixed,0.149
Erläuterungen:1,2019-04-09,codification,2.5,judges,own,0.0
Erläuterungen:19,2019-04-09,ungrounded,,step1,mixed,0.333
Erläuterungen:20,2019-04-09,codification,,step1,own,0.0
Erläuterungen:21,2019-04-09,ungrounded,,step1,own,0.0
Erläuterungen:22,2019-04-09,ungrounded,,step1,imported,0.812
Erläuterungen:23,2019-04-09,ungrounded,,step1,mixed,0.204
Erläuterungen:24,2019-04-09,ungrounded,,step1,own,0.0
Erläuterungen:2,2019-04-09,codification,,step1,mixed,0.018
Erläuterungen:3,2019-04-09,codification,,step1,mixed,0.019
Erläuterungen:4,2019-04-09,codification,,step1,mixed,0.138
Erläuterungen:5,2019-04-09,codification,,step1,mixed,0.023
Erläuterungen:6,2019-04-09,codification,,step1,own,0.0
Erläuterungen:7,2019-04-09,codification,,step1,mixed,0.018
Erläuterungen:8,2019-04-09,codification,0.5,human,own,0.0
Bekanntmachung:106,2022-12-12,announcement,1.0,judges,mixed,0.32
Bekanntmachung:107,2022-12-12,ungrounded,,step1,imported,0.6
Bekanntmachung:108,2022-12-12,announcement,3.5,judges,mixed,0.487
Bekanntmachung:109,2022-12-12,announcement,1.4,judges,own,0.0
Bekanntmachung:110,2022-12-12,codification,,step1,mixed,0.024
Bekanntmachung:111,2022-12-12,ungrounded,,step1,mixed,0.467
Bekanntmachung:112,2022-12-12,codification,,step1,imported,0.737
Bekanntmachung:113,2022-12-12,ungrounded,,step1,imported,0.528
Bekanntmachung:114,2022-12-12,codification,,step1,imported,0.744
Bekanntmachung:115,2022-12-12,codification,,step1,mixed,0.403
Bekanntmachung:116,2022-12-12,ungrounded,,step1,mixed,0.432
Bekanntmachung:117,2022-12-12,codification,,step1,mixed,0.144
Bekanntmachung:118,2022-12-12,ungrounded,,step1,,
Bekanntmachung:100,2022-12-12,codification,,step1,imported,0.816
Bekanntmachung:119,2022-12-12,ungrounded,,step1,own,0.0
Bekanntmachung:101,2022-12-12,codification,,step1,imported,0.623
Bekanntmachung:102,2022-12-12,codification,,step1,imported,0.615
Bekanntmachung:103,2022-12-12,codification,,step1,imported,0.81
Bekanntmachung:104,2022-12-12,ungrounded,,step1,imported,0.598
Bekanntmachung:105,2022-12-12,ungrounded,,step1,imported,0.775
Bekanntmachung:99,2022-12-12,ungrounded,,step1,mixed,0.398
Erläuterungen:30,2022-12-12-erl,codification,,step1,imported,0.868
Erläuterungen:31,2022-12-12-erl,ungrounded,,step1,mixed,0.4
Erläuterungen:32,2022-12-12-erl,ungrounded,,step1,own,0.0
Erläuterungen:33,2022-12-12-erl,announcement,3.5,judges,imported,0.679
Erläuterungen:34,2022-12-12-erl,ungrounded,,step1,mixed,0.106
Erläuterungen:35,2022-12-12-erl,codification,,step1,mixed,0.3
Erläuterungen:36,2022-12-12-erl,codification,,step1,mixed,0.311
Erläuterungen:37,2022-12-12-erl,codification,,step1,imported,0.535
Erläuterungen:38,2022-12-12-erl,ungrounded,,step1,imported,0.6
Erläuterungen:39,2022-12-12-erl,codification,,step1,mixed,0.493
Erläuterungen:40,2022-12-12-erl,ungrounded,,step1,mixed,0.018
Erläuterungen:41,2022-12-12-erl,codification,,step1,imported,0.617
Erläuterungen:42,2022-12-12-erl,codification,,step1,mixed,0.1
Erläuterungen:43,2022-12-12-erl,ungrounded,,step1,own,0.011
Erläuterungen:44,2022-12-12-erl,codification,,step1,mixed,0.317
Erläuterungen:25,2022-12-12-erl,ungrounded,,step1,imported,0.5
Erläuterungen:26,2022-12-12-erl,ungrounded,,step1,imported,0.516
Erläuterungen:27,2022-12-12-erl,codification,,step1,imported,0.696
Erläuterungen:28,2022-12-12-erl,codification,,step1,mixed,0.047
Erläuterungen:29,2022-12-12-erl,codification,,step1,own,0.0
