year,tier,citing,record
1996,agency,0,1
1996,federal_court,0,0
1996,cantonal,0,0
1996,other_federal,0,2
1997,agency,0,50
1997,federal_court,0,0
1997,cantonal,0,0
1997,other_federal,0,1
1998,agency,0,52
1998,federal_court,0,3
1998,cantonal,0,0
1998,other_federal,0,3
1999,agency,0,51
1999,federal_court,0,1
1999,cantonal,0,1
1999,other_federal,0,4
2000,agency,0,71
2000,federal_court,0,4
2000,cantonal,0,0
2000,other_federal,0,5
2001,agency,0,77
2001,federal_court,0,5
2001,cantonal,0,1
2001,other_federal,0,4
2002,agency,0,74
2002,federal_court,0,6
2002,cantonal,0,1
2002,other_federal,0,0
2003,agency,5,52
2003,federal_court,0,9
2003,cantonal,0,1
2003,other_federal,0,0
2004,agency,1,41
2004,federal_court,0,13
2004,cantonal,1,1
2004,other_federal,0,1
2005,agency,0,42
2005,federal_court,0,7
2005,cantonal,1,1
2005,other_federal,0,1
2006,agency,1,34
2006,federal_court,0,8
2006,cantonal,0,3
2006,other_federal,0,0
2007,agency,0,65
2007,federal_court,0,17
2007,cantonal,0,1
2007,other_federal,0,2
2008,agency,2,55
2008,federal_court,1,17
2008,cantonal,0,2
2008,other_federal,0,6
2009,agency,4,38
2009,federal_court,0,13
2009,cantonal,0,0
2009,other_federal,0,2
2010,agency,1,33
2010,federal_court,1,24
2010,cantonal,0,3
2010,other_federal,0,1
2011,agency,11,49
2011,federal_court,0,19
2011,cantonal,0,7
2011,other_federal,0,0
2012,agency,14,48
2012,federal_court,2,20
2012,cantonal,2,6
2012,other_federal,0,1
2013,agency,10,48
2013,federal_court,8,20
2013,cantonal,1,10
2013,other_federal,0,2
2014,agency,4,61
2014,federal_court,0,14
2014,cantonal,1,11
2014,other_federal,0,0
2015,agency,10,55
2015,federal_court,2,21
2015,cantonal,3,2
2015,other_federal,0,0
2016,agency,7,51
2016,federal_court,4,29
2016,cantonal,0,1
2016,other_federal,0,2
2017,agency,3,64
2017,federal_court,3,33
2017,cantonal,0,4
2017,other_federal,0,0
2018,agency,6,49
2018,federal_court,3,28
2018,cantonal,2,4
2018,other_federal,0,0
2019,agency,7,68
2019,federal_court,9,32
2019,cantonal,0,6
2019,other_federal,0,4
2020,agency,3,68
2020,federal_court,0,38
2020,cantonal,0,3
2020,other_federal,0,2
2021,agency,4,55
2021,federal_court,6,35
2021,cantonal,1,24
2021,other_federal,0,1
2022,agency,3,75
2022,federal_court,12,36
2022,cantonal,3,4
2022,other_federal,0,0
2023,agency,4,59
2023,federal_court,4,28
2023,cantonal,0,8
2023,other_federal,0,2
2024,agency,10,92
2024,federal_court,1,21
2024,cantonal,1,12
2024,other_federal,0,4
2025,agency,2,50
2025,federal_court,1,22
2025,cantonal,0,5
2025,other_federal,0,3
2026,agency,4,14
2026,federal_court,0,18
2026,cantonal,0,4
2026,other_federal,0,0
